dataset,seed,feature_set,model,base_model,n_features,raw_n_features,selected_k,params,split,threshold,acc,bacc,auc,auprc,f1,mcc,precision,sensitivity,specificity
plm4ace_cleaned_2_3,82,ESM2,ESM2-LR,LR,320,320,,"{""C"": 0.1, ""class_weight"": ""balanced"", ""selector"": ""none"", ""k"": null}",valid,0.5599999999999999,0.8653846153846154,0.871875,0.9046875000000001,0.841052883332317,0.8372093023255814,0.7285410859677225,0.782608695652174,0.9,0.84375
plm4ace_cleaned_2_3,82,ESM2,ESM2-LR,LR,320,320,,"{""C"": 0.1, ""class_weight"": ""balanced"", ""selector"": ""none"", ""k"": null}",test,0.5599999999999999,0.8636363636363636,0.8590243902439024,0.926829268292683,0.899439507251945,0.8235294117647058,0.7128517366879749,0.8076923076923077,0.84,0.8780487804878049
plm4ace_cleaned_2_3,82,A1FlatFull,A1FlatFull-LR,LR,906,906,,"{""C"": 0.1, ""class_weight"": ""balanced"", ""selector"": ""none"", ""k"": null}",valid,0.61,0.8269230769230769,0.840625,0.865625,0.7265631270782577,0.8,0.6633528752007012,0.72,0.9,0.78125
plm4ace_cleaned_2_3,82,A1FlatFull,A1FlatFull-LR,LR,906,906,,"{""C"": 0.1, ""class_weight"": ""balanced"", ""selector"": ""none"", ""k"": null}",test,0.61,0.8484848484848485,0.831219512195122,0.8926829268292683,0.8460795974149562,0.7916666666666666,0.6743877855501741,0.8260869565217391,0.76,0.9024390243902439
plm4ace_cleaned_2_3,82,A1FlatSelected,A1FlatSelected-LR,LR,200,906,200.0,"{""C"": 0.1, ""class_weight"": ""balanced"", ""selector"": ""VarianceThreshold + SelectKBest(f_classif)"", ""k"": 200}",valid,0.61,0.8269230769230769,0.840625,0.865625,0.7265631270782577,0.8,0.6633528752007012,0.72,0.9,0.78125
plm4ace_cleaned_2_3,82,A1FlatSelected,A1FlatSelected-LR,LR,200,906,200.0,"{""C"": 0.1, ""class_weight"": ""balanced"", ""selector"": ""VarianceThreshold + SelectKBest(f_classif)"", ""k"": 200}",test,0.61,0.8484848484848485,0.831219512195122,0.8926829268292683,0.8460795974149562,0.7916666666666666,0.6743877855501741,0.8260869565217391,0.76,0.9024390243902439
