{
  "split_seed": 52,
  "run_seed": 0,
  "effective_seed": 52000,
  "variant": "DiagTokenLenHeadRank",
  "n_diag_channels": 15,
  "hidden_dim": 64,
  "num_blocks": 2,
  "dropout": 0.18,
  "lr": 0.001,
  "weight_decay": 0.0003,
  "mse_alpha": 0.05,
  "rank_lambda": 0.02,
  "select_by": "combined",
  "best_epoch": 29,
  "best_score": 1.2592116892131062,
  "val_loss": 7.4553957879543304,
  "val_rmse": 1.101920485496521,
  "val_mae": 0.852517306804657,
  "val_spearman": 0.37225415323052674,
  "test_loss": 7.207987368106842,
  "test_rmse": 1.1010735034942627,
  "test_mae": 0.8316164016723633,
  "test_spearman": 0.581591678750172
}