{
  "split_seed": 52,
  "run_seed": 4,
  "effective_seed": 52004,
  "variant": "DiagTokenLenHeadRank",
  "n_diag_channels": 15,
  "hidden_dim": 64,
  "num_blocks": 2,
  "dropout": 0.18,
  "lr": 0.001,
  "weight_decay": 0.0003,
  "mse_alpha": 0.05,
  "rank_lambda": 0.02,
  "select_by": "combined",
  "best_epoch": 12,
  "best_score": 1.2761370233563436,
  "val_loss": 7.746704240640004,
  "val_rmse": 1.102019190788269,
  "val_mae": 0.881580114364624,
  "val_spearman": 0.3085146401538766,
  "test_loss": 8.129578948020935,
  "test_rmse": 1.1672804355621338,
  "test_mae": 0.9113754630088806,
  "test_spearman": 0.4860594715908477
}