{
  "split_seed": 52,
  "run_seed": 2,
  "effective_seed": 52002,
  "variant": "DiagTokenLenHead",
  "n_diag_channels": 15,
  "hidden_dim": 64,
  "num_blocks": 2,
  "dropout": 0.15,
  "lr": 0.001,
  "weight_decay": 0.0002,
  "mse_alpha": 0.1,
  "rank_lambda": 0.0,
  "select_by": "val_rmse",
  "best_epoch": 6,
  "best_score": 1.1031746864318848,
  "val_loss": 7.496538917223613,
  "val_rmse": 1.1031746864318848,
  "val_mae": 0.8487123847007751,
  "val_spearman": 0.3845891399774492,
  "test_loss": 8.39067554473877,
  "test_rmse": 1.203277349472046,
  "test_mae": 0.938861072063446,
  "test_spearman": 0.501876525669974
}