{
  "split_seed": 42,
  "run_seed": 1,
  "effective_seed": 42001,
  "variant": "DiagTokenLenHeadRank",
  "n_diag_channels": 15,
  "hidden_dim": 64,
  "num_blocks": 2,
  "dropout": 0.18,
  "lr": 0.001,
  "weight_decay": 0.0003,
  "mse_alpha": 0.05,
  "rank_lambda": 0.02,
  "select_by": "combined",
  "best_epoch": 10,
  "best_score": 1.3580058493723062,
  "val_loss": 8.632878224054972,
  "val_rmse": 1.195503830909729,
  "val_mae": 0.9608314633369446,
  "val_spearman": 0.5180389824777261,
  "test_loss": 7.672354340553284,
  "test_rmse": 1.1215059757232666,
  "test_mae": 0.8708781599998474,
  "test_spearman": 0.4205829863820446
}