{
  "split_seed": 42,
  "run_seed": 3,
  "effective_seed": 42003,
  "variant": "DiagTokenLenHead",
  "n_diag_channels": 15,
  "hidden_dim": 64,
  "num_blocks": 2,
  "dropout": 0.15,
  "lr": 0.001,
  "weight_decay": 0.0002,
  "mse_alpha": 0.1,
  "rank_lambda": 0.0,
  "select_by": "val_rmse",
  "best_epoch": 4,
  "best_score": 1.2340327501296997,
  "val_loss": 9.23199717203776,
  "val_rmse": 1.2340327501296997,
  "val_mae": 1.0169281959533691,
  "val_spearman": 0.42691675129885565,
  "test_loss": 8.053489963213602,
  "test_rmse": 1.1349523067474365,
  "test_mae": 0.9068209528923035,
  "test_spearman": 0.3573853099192797
}