dataset,seed,feature_set,model,base_model,n_features,raw_n_features,selected_k,params,split,threshold,acc,bacc,auc,auprc,f1,mcc,precision,sensitivity,specificity
plm4ace_cleaned_2_3,52,ESM2,ESM2-LR,LR,320,320,,"{""C"": 1.0, ""class_weight"": ""balanced"", ""selector"": ""none"", ""k"": null}",valid,0.10999999999999999,0.8653846153846154,0.88125,0.91875,0.8360358528366336,0.8444444444444444,0.7424683557292252,0.76,0.95,0.8125
plm4ace_cleaned_2_3,52,ESM2,ESM2-LR,LR,320,320,,"{""C"": 1.0, ""class_weight"": ""balanced"", ""selector"": ""none"", ""k"": null}",test,0.10999999999999999,0.8333333333333334,0.8580487804878049,0.9385365853658537,0.9129686646494506,0.8135593220338984,0.6950558125045881,0.7058823529411765,0.96,0.7560975609756098
plm4ace_cleaned_2_3,52,A1FlatFull,A1FlatFull-LR,LR,906,906,,"{""C"": 10.0, ""class_weight"": ""balanced"", ""selector"": ""none"", ""k"": null}",valid,0.8799999999999999,0.9230769230769231,0.91875,0.934375,0.872859454350204,0.9,0.8375,0.9,0.9,0.9375
plm4ace_cleaned_2_3,52,A1FlatFull,A1FlatFull-LR,LR,906,906,,"{""C"": 10.0, ""class_weight"": ""balanced"", ""selector"": ""none"", ""k"": null}",test,0.8799999999999999,0.8787878787878788,0.855609756097561,0.9024390243902439,0.8881343224797926,0.8260869565217391,0.7407125301119243,0.9047619047619048,0.76,0.9512195121951219
plm4ace_cleaned_2_3,52,A1FlatSelected,A1FlatSelected-LR,LR,200,906,200.0,"{""C"": 10.0, ""class_weight"": ""balanced"", ""selector"": ""VarianceThreshold + SelectKBest(f_classif)"", ""k"": 200}",valid,0.8799999999999999,0.9230769230769231,0.91875,0.934375,0.872859454350204,0.9,0.8375,0.9,0.9,0.9375
plm4ace_cleaned_2_3,52,A1FlatSelected,A1FlatSelected-LR,LR,200,906,200.0,"{""C"": 10.0, ""class_weight"": ""balanced"", ""selector"": ""VarianceThreshold + SelectKBest(f_classif)"", ""k"": 200}",test,0.8799999999999999,0.8787878787878788,0.855609756097561,0.9024390243902439,0.8881343224797926,0.8260869565217391,0.7407125301119243,0.9047619047619048,0.76,0.9512195121951219
