{
  "split_seed": 42,
  "run_seed": 0,
  "effective_seed": 42000,
  "variant": "DiagTokenLenHeadRank",
  "n_diag_channels": 15,
  "hidden_dim": 64,
  "num_blocks": 2,
  "dropout": 0.18,
  "lr": 0.001,
  "weight_decay": 0.0003,
  "mse_alpha": 0.05,
  "rank_lambda": 0.02,
  "select_by": "combined",
  "best_epoch": 27,
  "best_score": 1.3614583532109443,
  "val_loss": 8.587862730026245,
  "val_rmse": 1.1918407678604126,
  "val_mae": 0.9543670415878296,
  "val_spearman": 0.4598278336428371,
  "test_loss": 7.5338119467099505,
  "test_rmse": 1.1002172231674194,
  "test_mae": 0.8601416945457458,
  "test_spearman": 0.47485740287913686
}