{
  "seed": 52,
  "variant": "DiagBranchOnly",
  "pair_mode": "none",
  "n_diag_channels": 15,
  "n_pair_channels": 0,
  "hidden_dim": 64,
  "dropout": 0.15,
  "lr": 0.001,
  "weight_decay": 0.0001,
  "residual_scale": 0.0,
  "use_gate": false,
  "best_epoch": 14,
  "best_monitor": "val_rmse",
  "best_metric": 1.11532723903656,
  "val_loss": 7.854722062746684,
  "val_rmse": 1.11532723903656,
  "val_mae": 0.8913447856903076,
  "val_spearman": 0.4009133139276315,
  "test_loss": 8.042690952618917,
  "test_rmse": 1.1488789319992065,
  "test_mae": 0.9016412496566772,
  "test_spearman": 0.5324433326127102
}