{
  "seed": 52,
  "variant": "A1FlatMLP-small",
  "input_dim": 906,
  "hidden_dims": "[128, 64]",
  "dropout": 0.2,
  "lr": 0.001,
  "weight_decay": 0.0001,
  "best_epoch": 6,
  "best_monitor": "val_rmse",
  "best_metric": 1.1203619241714478,
  "val_loss": 8.242779990037283,
  "val_rmse": 1.1203619241714478,
  "val_mae": 0.9208454489707947,
  "val_spearman": 0.33451434271547476,
  "test_loss": 7.861984312534332,
  "test_rmse": 1.1290185451507568,
  "test_mae": 0.8904896974563599,
  "test_spearman": 0.5759402313303071
}