{
  "split_seed": 42,
  "run_seed": 2,
  "effective_seed": 42002,
  "variant": "DiagTokenLenHeadRank",
  "n_diag_channels": 15,
  "hidden_dim": 64,
  "num_blocks": 2,
  "dropout": 0.18,
  "lr": 0.001,
  "weight_decay": 0.0003,
  "mse_alpha": 0.05,
  "rank_lambda": 0.02,
  "select_by": "combined",
  "best_epoch": 3,
  "best_score": 1.4052633481927812,
  "val_loss": 9.388260761896769,
  "val_rmse": 1.2227848768234253,
  "val_mae": 1.034753441810608,
  "val_spearman": 0.5080659272219741,
  "test_loss": 8.399367213249207,
  "test_rmse": 1.165905237197876,
  "test_mae": 0.9363086223602295,
  "test_spearman": 0.36618609376777655
}