{
  "split_seed": 52,
  "run_seed": 1,
  "effective_seed": 52001,
  "variant": "DiagTokenLenHead",
  "n_diag_channels": 15,
  "hidden_dim": 64,
  "num_blocks": 2,
  "dropout": 0.15,
  "lr": 0.001,
  "weight_decay": 0.0002,
  "mse_alpha": 0.1,
  "rank_lambda": 0.0,
  "select_by": "val_rmse",
  "best_epoch": 14,
  "best_score": 1.0998730659484863,
  "val_loss": 7.530045211315155,
  "val_rmse": 1.0998730659484863,
  "val_mae": 0.8594018816947937,
  "val_spearman": 0.3887008022264233,
  "test_loss": 7.849977533022563,
  "test_rmse": 1.156232476234436,
  "test_mae": 0.881031334400177,
  "test_spearman": 0.5015090941039765
}