{
  "seed": 42,
  "lite_mode": "diag_terminal_pair_lite",
  "description": "Keep diagonal channels plus terminal/order pairwise structural channels.",
  "n_channels": 20,
  "best_epoch": 13,
  "best_monitor": "val_rmse",
  "best_metric": 1.212242841720581,
  "val_loss": 0.36597394943237305,
  "val_rmse": 1.212242841720581,
  "val_mae": 0.9615299701690674,
  "val_spearman": 0.42373237225228216,
  "test_loss": 0.29773112138112384,
  "test_rmse": 1.1616097688674927,
  "test_mae": 0.9318540096282959,
  "test_spearman": 0.35953739026394194
}