{
  "best_epoch": 13,
  "best_monitor": "val_rmse",
  "best_metric": 1.179992914199829,
  "test_loss": 0.3086234430472056,
  "test_rmse": 1.1804924011230469,
  "test_mae": 0.8918755650520325,
  "test_spearman": 0.37505686396894544
}