dataset,seed,feature_set,model,base_model,n_features,raw_n_features,selected_k,params,split,threshold,acc,bacc,auc,auprc,f1,mcc,precision,sensitivity,specificity
plm4ace_cleaned_2_3,42,ESM2,ESM2-LR,LR,320,320,,"{""C"": 0.1, ""class_weight"": ""balanced"", ""selector"": ""none"", ""k"": null}",valid,0.6,1.0,1.0,1.0,1.0000000000000002,1.0,1.0,1.0,1.0,1.0
plm4ace_cleaned_2_3,42,ESM2,ESM2-LR,LR,320,320,,"{""C"": 0.1, ""class_weight"": ""balanced"", ""selector"": ""none"", ""k"": null}",test,0.6,0.8333333333333334,0.8034146341463415,0.944390243902439,0.892608055364396,0.7555555555555555,0.6405227186668041,0.85,0.68,0.926829268292683
plm4ace_cleaned_2_3,42,A1FlatFull,A1FlatFull-LR,LR,906,906,,"{""C"": 10.0, ""class_weight"": ""balanced"", ""selector"": ""none"", ""k"": null}",valid,0.05,0.9423076923076923,0.953125,0.984375,0.9755120217423354,0.9302325581395349,0.8877181299606703,0.8695652173913043,1.0,0.90625
plm4ace_cleaned_2_3,42,A1FlatFull,A1FlatFull-LR,LR,906,906,,"{""C"": 10.0, ""class_weight"": ""balanced"", ""selector"": ""none"", ""k"": null}",test,0.05,0.803030303030303,0.802439024390244,0.8819512195121951,0.8365559894848495,0.7547169811320755,0.5936889186974259,0.7142857142857143,0.8,0.8048780487804879
plm4ace_cleaned_2_3,42,A1FlatSelected,A1FlatSelected-LR,LR,200,906,200.0,"{""C"": 10.0, ""class_weight"": ""balanced"", ""selector"": ""VarianceThreshold + SelectKBest(f_classif)"", ""k"": 200}",valid,0.05,0.9423076923076923,0.953125,0.984375,0.9755120217423354,0.9302325581395349,0.8877181299606703,0.8695652173913043,1.0,0.90625
plm4ace_cleaned_2_3,42,A1FlatSelected,A1FlatSelected-LR,LR,200,906,200.0,"{""C"": 10.0, ""class_weight"": ""balanced"", ""selector"": ""VarianceThreshold + SelectKBest(f_classif)"", ""k"": 200}",test,0.05,0.803030303030303,0.802439024390244,0.8819512195121951,0.8365559894848495,0.7547169811320755,0.5936889186974259,0.7142857142857143,0.8,0.8048780487804879
