{
  "split_seed": 62,
  "run_seed": 2,
  "effective_seed": 62002,
  "variant": "DiagTokenLenHead",
  "n_diag_channels": 15,
  "hidden_dim": 64,
  "num_blocks": 2,
  "dropout": 0.15,
  "lr": 0.001,
  "weight_decay": 0.0002,
  "mse_alpha": 0.1,
  "rank_lambda": 0.0,
  "select_by": "val_rmse",
  "best_epoch": 14,
  "best_score": 1.0044025182724,
  "val_loss": 6.5357151826222735,
  "val_rmse": 1.0044025182724,
  "val_mae": 0.7699218392372131,
  "val_spearman": 0.3570147582566694,
  "test_loss": 7.338397185007731,
  "test_rmse": 1.0854138135910034,
  "test_mae": 0.8386186361312866,
  "test_spearman": 0.4068342272653128
}