{
  "seed": 62,
  "variant": "A1FlatMLP-wide",
  "input_dim": 906,
  "hidden_dims": "[256, 128]",
  "dropout": 0.3,
  "lr": 0.0008,
  "weight_decay": 0.0002,
  "best_epoch": 4,
  "best_monitor": "val_rmse",
  "best_metric": 1.0101041793823242,
  "val_loss": 6.50895619392395,
  "val_rmse": 1.0101041793823242,
  "val_mae": 0.7704319357872009,
  "val_spearman": 0.3523432100844307,
  "test_loss": 7.0219054619471235,
  "test_rmse": 1.0372341871261597,
  "test_mae": 0.8163970112800598,
  "test_spearman": 0.42056916913712045
}