{
  "split_seed": 62,
  "run_seed": 4,
  "effective_seed": 62004,
  "variant": "DiagTokenLenHeadRank",
  "n_diag_channels": 15,
  "hidden_dim": 64,
  "num_blocks": 2,
  "dropout": 0.18,
  "lr": 0.001,
  "weight_decay": 0.0003,
  "mse_alpha": 0.05,
  "rank_lambda": 0.02,
  "select_by": "combined",
  "best_epoch": 17,
  "best_score": 1.1239047561950846,
  "val_loss": 6.301941315333049,
  "val_rmse": 0.9933003187179565,
  "val_mae": 0.7510296702384949,
  "val_spearman": 0.3810198672166376,
  "test_loss": 6.721756498018901,
  "test_rmse": 1.047365665435791,
  "test_mae": 0.7808970808982849,
  "test_spearman": 0.4311721943273311
}