{
  "seed": 52,
  "lite_mode": "diag_core_pair_lite",
  "description": "Keep diagonal channels plus selected core pairwise physicochemical channels.",
  "n_channels": 23,
  "best_epoch": 4,
  "best_monitor": "val_rmse",
  "best_metric": 1.1125175952911377,
  "val_loss": 0.2686396266023318,
  "val_rmse": 1.1125175952911377,
  "val_mae": 0.8923991322517395,
  "val_spearman": 0.37613836182317467,
  "test_loss": 0.27008747557799023,
  "test_rmse": 1.0890105962753296,
  "test_mae": 0.8411340713500977,
  "test_spearman": 0.6328746273186665
}