{
  "split_seed": 42,
  "run_seed": 1,
  "effective_seed": 42001,
  "variant": "DiagTokenLenHead",
  "n_diag_channels": 15,
  "hidden_dim": 64,
  "num_blocks": 2,
  "dropout": 0.15,
  "lr": 0.001,
  "weight_decay": 0.0002,
  "mse_alpha": 0.1,
  "rank_lambda": 0.0,
  "select_by": "val_rmse",
  "best_epoch": 10,
  "best_score": 1.1857316493988037,
  "val_loss": 8.342939416567484,
  "val_rmse": 1.1857316493988037,
  "val_mae": 0.9342041015625,
  "val_spearman": 0.5202435525868923,
  "test_loss": 7.623168051242828,
  "test_rmse": 1.1302108764648438,
  "test_mae": 0.8670869469642639,
  "test_spearman": 0.40140672574993214
}