{
  "split_seed": 42,
  "run_seed": 4,
  "effective_seed": 42004,
  "variant": "DiagTokenLenHead",
  "n_diag_channels": 15,
  "hidden_dim": 64,
  "num_blocks": 2,
  "dropout": 0.15,
  "lr": 0.001,
  "weight_decay": 0.0002,
  "mse_alpha": 0.1,
  "rank_lambda": 0.0,
  "select_by": "val_rmse",
  "best_epoch": 3,
  "best_score": 1.2166588306427002,
  "val_loss": 9.026398340861002,
  "val_rmse": 1.2166588306427002,
  "val_mae": 1.0022788047790527,
  "val_spearman": 0.39118871825982837,
  "test_loss": 8.232527196407318,
  "test_rmse": 1.1717276573181152,
  "test_mae": 0.9192716479301453,
  "test_spearman": 0.31378381220465884
}