lite_mode,description,n_channels,test_rmse_mean,test_rmse_std,test_mae_mean,test_mae_std,test_spearman_mean,test_spearman_std,val_rmse_mean,val_rmse_std,best_epoch_mean
diag_lite,Only keep diagonal residue-level physicochemical and terminal channels.,15,1.0766928593317668,0.07081564861864813,0.8425082166989645,0.05196274721337222,0.48536432922720546,0.11325586281146227,1.0916175246238708,0.0836130394536391,6.0
diag_core_pair_lite,Keep diagonal channels plus selected core pairwise physicochemical channels.,23,1.0930208365122478,0.03681157340884332,0.8576711416244507,0.02572776083699986,0.493103567776366,0.12132715019838654,1.1080371538798015,0.07942147024741693,4.666666666666667
diag_pair_no_heur,"Keep all diagonal and all pairwise channels, but remove ACE heuristic channels.",33,1.1089951197306316,0.1476784188892176,0.8435220122337341,0.10318907391456833,0.4733734119466551,0.1503208581516499,1.0862432718276978,0.07136772985494341,9.333333333333334
diag_core_terminal_pair_lite,Keep diagonal channels plus selected core pairwise and terminal/order pairwise channels.,28,1.1352128585179646,0.07333097136574045,0.8808908661206564,0.04695934411741642,0.4672377751045805,0.10284047970672838,1.0997155110041301,0.04931778119322908,5.666666666666667
full,Use all A1 relation tensor channels.,36,1.1642827987670898,0.1093281475870981,0.9097434679667155,0.09724791401071001,0.3587701632387537,0.2451781836436319,1.1126132408777873,0.07097042281372383,7.666666666666667
diag_terminal_pair_lite,Keep diagonal channels plus terminal/order pairwise structural channels.,20,1.1727864742279053,0.019278564131034105,0.9341724514961243,0.034515268730085556,0.3775028082250153,0.13476866376525126,1.1027677059173584,0.1021200808082148,7.0
