dataset,seed,model,split,extra_dim,threshold,acc,bacc,auc,auprc,f1,mcc,precision,sensitivity,specificity,params
acepair_cls_2_3,62,GRUOnly,valid,0,0.8499999999999999,0.6666666666666666,0.6388888888888888,0.6374074074074074,0.5694057521323952,0.5454545454545454,0.28867513459481287,0.6,0.5,0.7777777777777778,"{""best_epoch"": 84, ""best_valid_auc"": 0.6374074074074074}"
acepair_cls_2_3,62,GRUOnly,test,0,0.8499999999999999,0.648936170212766,0.6165413533834586,0.6766917293233083,0.6113879775581624,0.5074626865671642,0.24765105783948063,0.5862068965517241,0.4473684210526316,0.7857142857142857,"{""best_epoch"": 84, ""best_valid_auc"": 0.6374074074074074}"
acepair_cls_2_3,62,GRU_Descriptor,valid,82,0.6,0.6533333333333333,0.6388888888888888,0.6466666666666667,0.5417649175841582,0.5666666666666667,0.2777777777777778,0.5666666666666667,0.5666666666666667,0.7111111111111111,"{""best_epoch"": 14, ""best_valid_auc"": 0.6466666666666667}"
acepair_cls_2_3,62,GRU_Descriptor,test,82,0.6,0.6170212765957447,0.5770676691729323,0.6724624060150376,0.58014611948696,0.4375,0.16910128256616624,0.5384615384615384,0.3684210526315789,0.7857142857142857,"{""best_epoch"": 14, ""best_valid_auc"": 0.6466666666666667}"
acepair_cls_2_3,62,GRU_A1PCA,valid,64,0.71,0.68,0.6166666666666667,0.6666666666666666,0.5889799032658376,0.42857142857142855,0.31180478223116176,0.75,0.3,0.9333333333333333,"{""best_epoch"": 8, ""best_valid_auc"": 0.6666666666666666}"
acepair_cls_2_3,62,GRU_A1PCA,test,64,0.71,0.6595744680851063,0.5958646616541353,0.668703007518797,0.5916658921312486,0.38461538461538464,0.2642806339686471,0.7142857142857143,0.2631578947368421,0.9285714285714286,"{""best_epoch"": 8, ""best_valid_auc"": 0.6666666666666666}"
acepair_cls_2_3,62,GRU_Descriptor_A1PCA,valid,146,0.29,0.5866666666666667,0.6555555555555556,0.6725925925925926,0.5298458600556943,0.6593406593406593,0.39115912935897884,0.4918032786885246,1.0,0.3111111111111111,"{""best_epoch"": 4, ""best_valid_auc"": 0.6725925925925926}"
acepair_cls_2_3,62,GRU_Descriptor_A1PCA,test,146,0.29,0.5106382978723404,0.5808270676691729,0.6931390977443609,0.6036213646358949,0.6101694915254238,0.222824848248075,0.45,0.9473684210526315,0.21428571428571427,"{""best_epoch"": 4, ""best_valid_auc"": 0.6725925925925926}"
