{
  "split_seed": 52,
  "run_seed": 0,
  "effective_seed": 52000,
  "variant": "DiagTokenLenHead",
  "n_diag_channels": 15,
  "hidden_dim": 64,
  "num_blocks": 2,
  "dropout": 0.15,
  "lr": 0.001,
  "weight_decay": 0.0002,
  "mse_alpha": 0.1,
  "rank_lambda": 0.0,
  "select_by": "val_rmse",
  "best_epoch": 8,
  "best_score": 1.1086814403533936,
  "val_loss": 7.697806179523468,
  "val_rmse": 1.1086814403533936,
  "val_mae": 0.8683177828788757,
  "val_spearman": 0.29532232808695524,
  "test_loss": 8.265093564987183,
  "test_rmse": 1.1738691329956055,
  "test_mae": 0.928207278251648,
  "test_spearman": 0.5405618205471289
}