{
  "split_seed": 42,
  "run_seed": 0,
  "effective_seed": 42000,
  "variant": "DiagTokenLenHead",
  "n_diag_channels": 15,
  "hidden_dim": 64,
  "num_blocks": 2,
  "dropout": 0.15,
  "lr": 0.001,
  "weight_decay": 0.0002,
  "mse_alpha": 0.1,
  "rank_lambda": 0.0,
  "select_by": "val_rmse",
  "best_epoch": 4,
  "best_score": 1.224583625793457,
  "val_loss": 8.955406228701273,
  "val_rmse": 1.224583625793457,
  "val_mae": 0.9906368851661682,
  "val_spearman": 0.3989257001036242,
  "test_loss": 7.831199030081431,
  "test_rmse": 1.1415090560913086,
  "test_mae": 0.8828640580177307,
  "test_spearman": 0.36027224696699733
}