{
  "seed": 42,
  "variant": "DiagAllPairResidualGate",
  "pair_mode": "all",
  "n_diag_channels": 15,
  "n_pair_channels": 18,
  "hidden_dim": 64,
  "dropout": 0.25,
  "lr": 0.0008,
  "weight_decay": 0.0003,
  "residual_scale": 0.3,
  "use_gate": true,
  "best_epoch": 13,
  "best_monitor": "val_rmse",
  "best_metric": 1.2395883798599243,
  "val_loss": 9.140969514846802,
  "val_rmse": 1.2395883798599243,
  "val_mae": 1.0045335292816162,
  "val_spearman": 0.40915771430834985,
  "test_loss": 7.3640817403793335,
  "test_rmse": 1.1056281328201294,
  "test_mae": 0.847852349281311,
  "test_spearman": 0.46306470245391446
}