{
  "split_seed": 62,
  "run_seed": 0,
  "effective_seed": 62000,
  "variant": "DiagTokenLenHead",
  "n_diag_channels": 15,
  "hidden_dim": 64,
  "num_blocks": 2,
  "dropout": 0.15,
  "lr": 0.001,
  "weight_decay": 0.0002,
  "mse_alpha": 0.1,
  "rank_lambda": 0.0,
  "select_by": "val_rmse",
  "best_epoch": 13,
  "best_score": 0.9842355847358704,
  "val_loss": 6.46287218729655,
  "val_rmse": 0.9842355847358704,
  "val_mae": 0.7630874514579773,
  "val_spearman": 0.41408812955945085,
  "test_loss": 7.348665515581767,
  "test_rmse": 1.0890655517578125,
  "test_mae": 0.8368216156959534,
  "test_spearman": 0.32543938702626957
}