{
  "seed": 62,
  "variant": "DiagCorePairResidualGate",
  "pair_mode": "core",
  "n_diag_channels": 15,
  "n_pair_channels": 9,
  "hidden_dim": 64,
  "dropout": 0.2,
  "lr": 0.001,
  "weight_decay": 0.0002,
  "residual_scale": 0.5,
  "use_gate": true,
  "best_epoch": 7,
  "best_monitor": "val_rmse",
  "best_metric": 0.9731266498565674,
  "val_loss": 6.0526658693949384,
  "val_rmse": 0.9731266498565674,
  "val_mae": 0.729142427444458,
  "val_spearman": 0.3671451941807376,
  "test_loss": 7.446327884991963,
  "test_rmse": 1.090728521347046,
  "test_mae": 0.8626866936683655,
  "test_spearman": 0.3687963118139629
}