{
  "seed": 62,
  "variant": "DiagBranchOnly",
  "pair_mode": "none",
  "n_diag_channels": 15,
  "n_pair_channels": 0,
  "hidden_dim": 64,
  "dropout": 0.15,
  "lr": 0.001,
  "weight_decay": 0.0001,
  "residual_scale": 0.0,
  "use_gate": false,
  "best_epoch": 11,
  "best_monitor": "val_rmse",
  "best_metric": 0.9785193204879761,
  "val_loss": 6.157993157704671,
  "val_rmse": 0.9785193204879761,
  "val_mae": 0.7423118948936462,
  "val_spearman": 0.3635409285497219,
  "test_loss": 6.920437773068746,
  "test_rmse": 1.0466868877410889,
  "test_mae": 0.8084249496459961,
  "test_spearman": 0.4695600446034406
}