{
  "seed": 42,
  "lite_mode": "diag_core_terminal_pair_lite",
  "description": "Keep diagonal channels plus selected core pairwise and terminal/order pairwise channels.",
  "n_channels": 28,
  "best_epoch": 12,
  "best_monitor": "val_rmse",
  "best_metric": 1.1465628147125244,
  "val_loss": 0.3275481363137563,
  "val_rmse": 1.1465628147125244,
  "val_mae": 0.895375669002533,
  "val_spearman": 0.5370402772281587,
  "test_loss": 0.30863326291243237,
  "test_rmse": 1.208359718322754,
  "test_mae": 0.9301409125328064,
  "test_spearman": 0.35497078075209765
}