{
  "split_seed": 42,
  "run_seed": 4,
  "effective_seed": 42004,
  "variant": "DiagTokenLenHeadRank",
  "n_diag_channels": 15,
  "hidden_dim": 64,
  "num_blocks": 2,
  "dropout": 0.18,
  "lr": 0.001,
  "weight_decay": 0.0003,
  "mse_alpha": 0.05,
  "rank_lambda": 0.02,
  "select_by": "combined",
  "best_epoch": 3,
  "best_score": 1.4067638614954168,
  "val_loss": 9.171173810958862,
  "val_rmse": 1.2153934240341187,
  "val_mae": 1.0132124423980713,
  "val_spearman": 0.4128844875881309,
  "test_loss": 8.355284611384073,
  "test_rmse": 1.1667025089263916,
  "test_mae": 0.9310140609741211,
  "test_spearman": 0.2774259019915842
}