{
  "seed": 62,
  "variant": "DiagAllPairResidualGate",
  "pair_mode": "all",
  "n_diag_channels": 15,
  "n_pair_channels": 18,
  "hidden_dim": 64,
  "dropout": 0.25,
  "lr": 0.0008,
  "weight_decay": 0.0003,
  "residual_scale": 0.3,
  "use_gate": true,
  "best_epoch": 15,
  "best_monitor": "val_rmse",
  "best_metric": 1.0132031440734863,
  "val_loss": 6.465256770451863,
  "val_rmse": 1.0132031440734863,
  "val_mae": 0.7669218182563782,
  "val_spearman": 0.2852093885979891,
  "test_loss": 7.068112134933472,
  "test_rmse": 1.0602635145187378,
  "test_mae": 0.8273280262947083,
  "test_spearman": 0.44046296392469403
}