dataset,seed,model,split,extra_dim,threshold,acc,bacc,auc,auprc,f1,mcc,precision,sensitivity,specificity,params
acepair_cls_2_3,52,GRUOnly,valid,0,0.7899999999999999,0.6933333333333334,0.6722222222222223,0.6585185185185185,0.5713687476465023,0.5964912280701754,0.35154713901054874,0.6296296296296297,0.5666666666666667,0.7777777777777778,"{""best_epoch"": 84, ""best_valid_auc"": 0.6585185185185185}"
acepair_cls_2_3,52,GRUOnly,test,0,0.7899999999999999,0.6702127659574468,0.6555451127819549,0.6898496240601504,0.6110550708637582,0.5866666666666667,0.31248839092580527,0.5945945945945946,0.5789473684210527,0.7321428571428571,"{""best_epoch"": 84, ""best_valid_auc"": 0.6585185185185185}"
acepair_cls_2_3,52,GRU_Descriptor,valid,82,0.6799999999999999,0.72,0.6888888888888889,0.6511111111111111,0.5646963366086147,0.6037735849056604,0.4013633399524028,0.6956521739130435,0.5333333333333333,0.8444444444444444,"{""best_epoch"": 13, ""best_valid_auc"": 0.6511111111111111}"
acepair_cls_2_3,52,GRU_Descriptor,test,82,0.6799999999999999,0.648936170212766,0.5953947368421053,0.6734022556390976,0.6502391401508865,0.42105263157894735,0.23314858798898133,0.631578947368421,0.3157894736842105,0.875,"{""best_epoch"": 13, ""best_valid_auc"": 0.6511111111111111}"
acepair_cls_2_3,52,GRU_A1PCA,valid,64,0.5499999999999999,0.7333333333333333,0.7222222222222222,0.7125925925925926,0.55883383456429,0.6666666666666666,0.4444444444444444,0.6666666666666666,0.6666666666666666,0.7777777777777778,"{""best_epoch"": 2, ""best_valid_auc"": 0.7125925925925926}"
acepair_cls_2_3,52,GRU_A1PCA,test,64,0.5499999999999999,0.6170212765957447,0.581296992481203,0.6611842105263157,0.5728458842350527,0.45454545454545453,0.17447744926322958,0.5357142857142857,0.39473684210526316,0.7678571428571429,"{""best_epoch"": 2, ""best_valid_auc"": 0.7125925925925926}"
acepair_cls_2_3,52,GRU_Descriptor_A1PCA,valid,146,0.61,0.7066666666666667,0.6666666666666667,0.6859259259259259,0.5629976284065205,0.56,0.3692744729379982,0.7,0.4666666666666667,0.8666666666666667,"{""best_epoch"": 4, ""best_valid_auc"": 0.6859259259259259}"
acepair_cls_2_3,52,GRU_Descriptor_A1PCA,test,146,0.61,0.6276595744680851,0.581766917293233,0.6912593984962406,0.5912523596702631,0.4262295081967213,0.18668109506043726,0.5652173913043478,0.34210526315789475,0.8214285714285714,"{""best_epoch"": 4, ""best_valid_auc"": 0.6859259259259259}"
