{
  "split_seed": 52,
  "run_seed": 1,
  "effective_seed": 52001,
  "variant": "DiagTokenLenHeadRank",
  "n_diag_channels": 15,
  "hidden_dim": 64,
  "num_blocks": 2,
  "dropout": 0.18,
  "lr": 0.001,
  "weight_decay": 0.0003,
  "mse_alpha": 0.05,
  "rank_lambda": 0.02,
  "select_by": "combined",
  "best_epoch": 14,
  "best_score": 1.2748062088658183,
  "val_loss": 7.714253683884938,
  "val_rmse": 1.1087894439697266,
  "val_mae": 0.8761133551597595,
  "val_spearman": 0.35341049262565377,
  "test_loss": 7.809001922607422,
  "test_rmse": 1.148483157157898,
  "test_mae": 0.8765051960945129,
  "test_spearman": 0.488928937153875
}