{
  "split_seed": 52,
  "run_seed": 2,
  "effective_seed": 52002,
  "variant": "DiagTokenLenHeadRank",
  "n_diag_channels": 15,
  "hidden_dim": 64,
  "num_blocks": 2,
  "dropout": 0.18,
  "lr": 0.001,
  "weight_decay": 0.0003,
  "mse_alpha": 0.05,
  "rank_lambda": 0.02,
  "select_by": "combined",
  "best_epoch": 6,
  "best_score": 1.2698725755016425,
  "val_loss": 7.712841351826985,
  "val_rmse": 1.1059434413909912,
  "val_mae": 0.8762136101722717,
  "val_spearman": 0.3674951228827779,
  "test_loss": 8.478670040766398,
  "test_rmse": 1.2048139572143555,
  "test_mae": 0.9454703330993652,
  "test_spearman": 0.5080178818445019
}