dataset,seed,feature_set,model,base_model,n_features,raw_n_features,selected_k,params,split,threshold,acc,bacc,auc,auprc,f1,mcc,precision,sensitivity,specificity
plm4ace_cleaned_2_3,62,ESM2,ESM2-LR,LR,320,320,,"{""C"": 0.1, ""class_weight"": ""balanced"", ""selector"": ""none"", ""k"": null}",valid,0.4799999999999999,0.9423076923076923,0.953125,0.984375,0.9763969211566466,0.9302325581395349,0.8877181299606703,0.8695652173913043,1.0,0.90625
plm4ace_cleaned_2_3,62,ESM2,ESM2-LR,LR,320,320,,"{""C"": 0.1, ""class_weight"": ""balanced"", ""selector"": ""none"", ""k"": null}",test,0.4799999999999999,0.803030303030303,0.8180487804878049,0.9248780487804878,0.9000797956937546,0.7719298245614035,0.6174065255490347,0.6875,0.88,0.7560975609756098
plm4ace_cleaned_2_3,62,A1FlatFull,A1FlatFull-LR,LR,906,906,,"{""C"": 0.1, ""class_weight"": ""balanced"", ""selector"": ""none"", ""k"": null}",valid,0.6399999999999999,0.9038461538461539,0.884375,0.9562499999999999,0.9467961984564994,0.8648648648648649,0.7972905799691622,0.9411764705882353,0.8,0.96875
plm4ace_cleaned_2_3,62,A1FlatFull,A1FlatFull-LR,LR,906,906,,"{""C"": 0.1, ""class_weight"": ""balanced"", ""selector"": ""none"", ""k"": null}",test,0.6399999999999999,0.7575757575757576,0.7268292682926829,0.8790243902439026,0.8382784656421256,0.6521739130434783,0.4724709554211863,0.7142857142857143,0.6,0.8536585365853658
plm4ace_cleaned_2_3,62,A1FlatSelected,A1FlatSelected-LR,LR,100,906,100.0,"{""C"": 1.0, ""class_weight"": ""balanced"", ""selector"": ""VarianceThreshold + SelectKBest(f_classif)"", ""k"": 100}",valid,0.69,0.9038461538461539,0.875,0.9078124999999999,0.9099775762604712,0.8571428571428571,0.8053872662568292,1.0,0.75,1.0
plm4ace_cleaned_2_3,62,A1FlatSelected,A1FlatSelected-LR,LR,100,906,100.0,"{""C"": 1.0, ""class_weight"": ""balanced"", ""selector"": ""VarianceThreshold + SelectKBest(f_classif)"", ""k"": 100}",test,0.69,0.8181818181818182,0.791219512195122,0.92,0.879474728445061,0.7391304347826086,0.6065917427665553,0.8095238095238095,0.68,0.9024390243902439
