{
  "seed": 42,
  "variant": "DiagCorePairResidualGate",
  "pair_mode": "core",
  "n_diag_channels": 15,
  "n_pair_channels": 9,
  "hidden_dim": 64,
  "dropout": 0.2,
  "lr": 0.001,
  "weight_decay": 0.0002,
  "residual_scale": 0.5,
  "use_gate": true,
  "best_epoch": 29,
  "best_monitor": "val_rmse",
  "best_metric": 1.2390282154083252,
  "val_loss": 9.096428394317627,
  "val_rmse": 1.2390282154083252,
  "val_mae": 0.9954206347465515,
  "val_spearman": 0.38055079265369296,
  "test_loss": 7.758318662643433,
  "test_rmse": 1.130733609199524,
  "test_mae": 0.8751216530799866,
  "test_spearman": 0.4449032439355451
}