{
  "seed": 42,
  "variant": "DiagBranchOnly",
  "pair_mode": "none",
  "n_diag_channels": 15,
  "n_pair_channels": 0,
  "hidden_dim": 64,
  "dropout": 0.15,
  "lr": 0.001,
  "weight_decay": 0.0001,
  "residual_scale": 0.0,
  "use_gate": false,
  "best_epoch": 18,
  "best_monitor": "val_rmse",
  "best_metric": 1.2337489128112793,
  "val_loss": 9.107407490412394,
  "val_rmse": 1.2337489128112793,
  "val_mae": 1.0051428079605103,
  "val_spearman": 0.3889491549743262,
  "test_loss": 7.824877182642619,
  "test_rmse": 1.1271275281906128,
  "test_mae": 0.8864169120788574,
  "test_spearman": 0.43725723490613516
}