{
  "seed": 52,
  "variant": "DiagAllPairResidualGate",
  "pair_mode": "all",
  "n_diag_channels": 15,
  "n_pair_channels": 18,
  "hidden_dim": 64,
  "dropout": 0.25,
  "lr": 0.0008,
  "weight_decay": 0.0003,
  "residual_scale": 0.3,
  "use_gate": true,
  "best_epoch": 6,
  "best_monitor": "val_rmse",
  "best_metric": 1.129191517829895,
  "val_loss": 8.420753916104635,
  "val_rmse": 1.129191517829895,
  "val_mae": 0.941102147102356,
  "val_spearman": 0.32923041931466546,
  "test_loss": 8.832895994186401,
  "test_rmse": 1.211604118347168,
  "test_mae": 0.976730227470398,
  "test_spearman": 0.4304373311953364
}