{
  "split_seed": 62,
  "run_seed": 3,
  "effective_seed": 62003,
  "variant": "DiagTokenLenHead",
  "n_diag_channels": 15,
  "hidden_dim": 64,
  "num_blocks": 2,
  "dropout": 0.15,
  "lr": 0.001,
  "weight_decay": 0.0002,
  "mse_alpha": 0.1,
  "rank_lambda": 0.0,
  "select_by": "val_rmse",
  "best_epoch": 12,
  "best_score": 0.9940851926803589,
  "val_loss": 6.51945956548055,
  "val_rmse": 0.9940851926803589,
  "val_mae": 0.7645272612571716,
  "val_spearman": 0.3711693742542017,
  "test_loss": 7.232733090718587,
  "test_rmse": 1.071050763130188,
  "test_mae": 0.8325554132461548,
  "test_spearman": 0.39859326214222823
}