{
  "split_seed": 62,
  "run_seed": 0,
  "effective_seed": 62000,
  "variant": "DiagTokenLenHeadRank",
  "n_diag_channels": 15,
  "hidden_dim": 64,
  "num_blocks": 2,
  "dropout": 0.18,
  "lr": 0.001,
  "weight_decay": 0.0003,
  "mse_alpha": 0.05,
  "rank_lambda": 0.02,
  "select_by": "combined",
  "best_epoch": 14,
  "best_score": 1.1114069144033474,
  "val_loss": 6.405684153238933,
  "val_rmse": 0.9863548278808594,
  "val_mae": 0.7542880773544312,
  "val_spearman": 0.4234662187741323,
  "test_loss": 7.130667408307393,
  "test_rmse": 1.068143606185913,
  "test_mae": 0.8145748972892761,
  "test_spearman": 0.4439448154310504
}