{
  "split_seed": 42,
  "run_seed": 3,
  "effective_seed": 42003,
  "variant": "DiagTokenLenHeadRank",
  "n_diag_channels": 15,
  "hidden_dim": 64,
  "num_blocks": 2,
  "dropout": 0.18,
  "lr": 0.001,
  "weight_decay": 0.0003,
  "mse_alpha": 0.05,
  "rank_lambda": 0.02,
  "select_by": "combined",
  "best_epoch": 3,
  "best_score": 1.4229006183954624,
  "val_loss": 9.36911145846049,
  "val_rmse": 1.2300266027450562,
  "val_mae": 1.036380410194397,
  "val_spearman": 0.4414739126546199,
  "test_loss": 8.289302388827005,
  "test_rmse": 1.1643985509872437,
  "test_mae": 0.9203596115112305,
  "test_spearman": 0.3369317983509042
}