{
  "seed": 42,
  "variant": "DiagCorePairResidualSmallGate",
  "pair_mode": "core",
  "n_diag_channels": 15,
  "n_pair_channels": 9,
  "hidden_dim": 64,
  "dropout": 0.2,
  "lr": 0.001,
  "weight_decay": 0.0002,
  "residual_scale": 0.25,
  "use_gate": true,
  "best_epoch": 29,
  "best_monitor": "val_rmse",
  "best_metric": 1.2358921766281128,
  "val_loss": 9.06469202041626,
  "val_rmse": 1.2358921766281128,
  "val_mae": 0.9927282929420471,
  "val_spearman": 0.3874794415682154,
  "test_loss": 7.75679479042689,
  "test_rmse": 1.1279300451278687,
  "test_mae": 0.8736600875854492,
  "test_spearman": 0.4445008224076814
}