{
  "split_seed": 62,
  "run_seed": 3,
  "effective_seed": 62003,
  "variant": "DiagTokenLenHeadRank",
  "n_diag_channels": 15,
  "hidden_dim": 64,
  "num_blocks": 2,
  "dropout": 0.18,
  "lr": 0.001,
  "weight_decay": 0.0003,
  "mse_alpha": 0.05,
  "rank_lambda": 0.02,
  "select_by": "combined",
  "best_epoch": 12,
  "best_score": 1.1296292267290173,
  "val_loss": 6.534202655156453,
  "val_rmse": 0.9951279163360596,
  "val_mae": 0.7634468078613281,
  "val_spearman": 0.3757359438158282,
  "test_loss": 7.232721249262492,
  "test_rmse": 1.0693525075912476,
  "test_mae": 0.8288964629173279,
  "test_spearman": 0.4069042142302647
}