{
  "seed": 52,
  "lite_mode": "diag_pair_no_heur",
  "description": "Keep all diagonal and all pairwise channels, but remove ACE heuristic channels.",
  "n_channels": 33,
  "best_epoch": 4,
  "best_monitor": "val_rmse",
  "best_metric": 1.112471103668213,
  "val_loss": 0.26497021565834683,
  "val_rmse": 1.112471103668213,
  "val_mae": 0.8800526261329651,
  "val_spearman": 0.4343315049724853,
  "test_loss": 0.2663843830426534,
  "test_rmse": 1.0660815238952637,
  "test_mae": 0.8315834999084473,
  "test_spearman": 0.6158153046116441
}