{
  "split_seed": 62,
  "run_seed": 1,
  "effective_seed": 62001,
  "variant": "DiagTokenLenHead",
  "n_diag_channels": 15,
  "hidden_dim": 64,
  "num_blocks": 2,
  "dropout": 0.15,
  "lr": 0.001,
  "weight_decay": 0.0002,
  "mse_alpha": 0.1,
  "rank_lambda": 0.0,
  "select_by": "val_rmse",
  "best_epoch": 20,
  "best_score": 0.965092122554779,
  "val_loss": 6.3697083791097,
  "val_rmse": 0.965092122554779,
  "val_mae": 0.7542030215263367,
  "val_spearman": 0.4098189993945586,
  "test_loss": 7.707543849945068,
  "test_rmse": 1.1046974658966064,
  "test_mae": 0.8754265904426575,
  "test_spearman": 0.28939610007604827
}