{
  "split_seed": 52,
  "run_seed": 4,
  "effective_seed": 52004,
  "variant": "DiagTokenLenHead",
  "n_diag_channels": 15,
  "hidden_dim": 64,
  "num_blocks": 2,
  "dropout": 0.15,
  "lr": 0.001,
  "weight_decay": 0.0002,
  "mse_alpha": 0.1,
  "rank_lambda": 0.0,
  "select_by": "val_rmse",
  "best_epoch": 9,
  "best_score": 1.1061686277389526,
  "val_loss": 7.800635437170665,
  "val_rmse": 1.1061686277389526,
  "val_mae": 0.8875792622566223,
  "val_spearman": 0.31645802169019255,
  "test_loss": 8.231900652249655,
  "test_rmse": 1.1784906387329102,
  "test_mae": 0.9218473434448242,
  "test_spearman": 0.47470408652740415
}