{
  "split_seed": 52,
  "run_seed": 3,
  "effective_seed": 52003,
  "variant": "DiagTokenLenHeadRank",
  "n_diag_channels": 15,
  "hidden_dim": 64,
  "num_blocks": 2,
  "dropout": 0.18,
  "lr": 0.001,
  "weight_decay": 0.0003,
  "mse_alpha": 0.05,
  "rank_lambda": 0.02,
  "select_by": "combined",
  "best_epoch": 26,
  "best_score": 1.2707788334012815,
  "val_loss": 7.621776233116786,
  "val_rmse": 1.1127617359161377,
  "val_mae": 0.8693830370903015,
  "val_spearman": 0.3955244119162102,
  "test_loss": 7.13318657875061,
  "test_rmse": 1.1010425090789795,
  "test_mae": 0.8182161450386047,
  "test_spearman": 0.5252871654463798
}