{
  "split_seed": 52,
  "run_seed": 3,
  "effective_seed": 52003,
  "variant": "DiagTokenLenHead",
  "n_diag_channels": 15,
  "hidden_dim": 64,
  "num_blocks": 2,
  "dropout": 0.15,
  "lr": 0.001,
  "weight_decay": 0.0002,
  "mse_alpha": 0.1,
  "rank_lambda": 0.0,
  "select_by": "val_rmse",
  "best_epoch": 18,
  "best_score": 1.1006112098693848,
  "val_loss": 7.576875776052475,
  "val_rmse": 1.1006112098693848,
  "val_mae": 0.868503987789154,
  "val_spearman": 0.37893779143949746,
  "test_loss": 7.604517062505086,
  "test_rmse": 1.130447268486023,
  "test_mae": 0.8582994937896729,
  "test_spearman": 0.542293997929688
}