{
  "seed": 62,
  "variant": "DiagCorePairResidualSmallGate",
  "pair_mode": "core",
  "n_diag_channels": 15,
  "n_pair_channels": 9,
  "hidden_dim": 64,
  "dropout": 0.2,
  "lr": 0.001,
  "weight_decay": 0.0002,
  "residual_scale": 0.25,
  "use_gate": true,
  "best_epoch": 8,
  "best_monitor": "val_rmse",
  "best_metric": 0.9730324745178223,
  "val_loss": 6.052747805913289,
  "val_rmse": 0.9730324745178223,
  "val_mae": 0.7333109974861145,
  "val_spearman": 0.3776255588068461,
  "test_loss": 6.889612873395284,
  "test_rmse": 1.0518875122070312,
  "test_mae": 0.8028045296669006,
  "test_spearman": 0.44838898770549507
}