{
  "split_seed": 42,
  "run_seed": 2,
  "effective_seed": 42002,
  "variant": "DiagTokenLenHead",
  "n_diag_channels": 15,
  "hidden_dim": 64,
  "num_blocks": 2,
  "dropout": 0.15,
  "lr": 0.001,
  "weight_decay": 0.0002,
  "mse_alpha": 0.1,
  "rank_lambda": 0.0,
  "select_by": "val_rmse",
  "best_epoch": 4,
  "best_score": 1.21428644657135,
  "val_loss": 9.116961558659872,
  "val_rmse": 1.21428644657135,
  "val_mae": 1.011771321296692,
  "val_spearman": 0.5152220317826803,
  "test_loss": 7.894496023654938,
  "test_rmse": 1.1384057998657227,
  "test_mae": 0.883073091506958,
  "test_spearman": 0.3715750429235163
}