{
  "seed": 52,
  "variant": "DiagCorePairResidualGate",
  "pair_mode": "core",
  "n_diag_channels": 15,
  "n_pair_channels": 9,
  "hidden_dim": 64,
  "dropout": 0.2,
  "lr": 0.001,
  "weight_decay": 0.0002,
  "residual_scale": 0.5,
  "use_gate": true,
  "best_epoch": 20,
  "best_monitor": "val_rmse",
  "best_metric": 1.1140235662460327,
  "val_loss": 7.739491164684296,
  "val_rmse": 1.1140235662460327,
  "val_mae": 0.8815639019012451,
  "val_spearman": 0.43252937215697734,
  "test_loss": 7.600239356358846,
  "test_rmse": 1.1067811250686646,
  "test_mae": 0.8650922775268555,
  "test_spearman": 0.5709186665950093
}