dataset,seed,feature_set,model,base_model,n_features,raw_n_features,selected_k,params,split,threshold,acc,bacc,auc,auprc,f1,mcc,precision,sensitivity,specificity
plm4ace_cleaned_2_3,72,ESM2,ESM2-LR,LR,320,320,,"{""C"": 10.0, ""class_weight"": ""balanced"", ""selector"": ""none"", ""k"": null}",valid,0.5599999999999999,0.9230769230769231,0.909375,0.959375,0.9497959012664896,0.8947368421052632,0.8372701128250462,0.9444444444444444,0.85,0.96875
plm4ace_cleaned_2_3,72,ESM2,ESM2-LR,LR,320,320,,"{""C"": 10.0, ""class_weight"": ""balanced"", ""selector"": ""none"", ""k"": null}",test,0.5599999999999999,0.8939393939393939,0.891219512195122,0.9258536585365854,0.9061633516675516,0.8627450980392157,0.7767759413366248,0.8461538461538461,0.88,0.9024390243902439
plm4ace_cleaned_2_3,72,A1FlatFull,A1FlatFull-LR,LR,906,906,,"{""C"": 0.1, ""class_weight"": ""balanced"", ""selector"": ""none"", ""k"": null}",valid,0.3999999999999999,0.8846153846153846,0.896875,0.9140625,0.8788938626476281,0.8636363636363636,0.7746206829028982,0.7916666666666666,0.95,0.84375
plm4ace_cleaned_2_3,72,A1FlatFull,A1FlatFull-LR,LR,906,906,,"{""C"": 0.1, ""class_weight"": ""balanced"", ""selector"": ""none"", ""k"": null}",test,0.3999999999999999,0.8333333333333334,0.8346341463414634,0.9170731707317074,0.8791631080612781,0.7924528301886793,0.656888061655539,0.75,0.84,0.8292682926829268
plm4ace_cleaned_2_3,72,A1FlatSelected,A1FlatSelected-LR,LR,200,906,200.0,"{""C"": 0.1, ""class_weight"": ""balanced"", ""selector"": ""VarianceThreshold + SelectKBest(f_classif)"", ""k"": 200}",valid,0.3999999999999999,0.8846153846153846,0.896875,0.9140625,0.8788938626476281,0.8636363636363636,0.7746206829028982,0.7916666666666666,0.95,0.84375
plm4ace_cleaned_2_3,72,A1FlatSelected,A1FlatSelected-LR,LR,200,906,200.0,"{""C"": 0.1, ""class_weight"": ""balanced"", ""selector"": ""VarianceThreshold + SelectKBest(f_classif)"", ""k"": 200}",test,0.3999999999999999,0.8333333333333334,0.8346341463414634,0.9170731707317074,0.8791631080612781,0.7924528301886793,0.656888061655539,0.75,0.84,0.8292682926829268
