{
  "seed": 52,
  "variant": "DiagCorePairResidualSmallGate",
  "pair_mode": "core",
  "n_diag_channels": 15,
  "n_pair_channels": 9,
  "hidden_dim": 64,
  "dropout": 0.2,
  "lr": 0.001,
  "weight_decay": 0.0002,
  "residual_scale": 0.25,
  "use_gate": true,
  "best_epoch": 17,
  "best_monitor": "val_rmse",
  "best_metric": 1.1164982318878174,
  "val_loss": 7.710721294085185,
  "val_rmse": 1.1164982318878174,
  "val_mae": 0.8826053738594055,
  "val_spearman": 0.42904758157167594,
  "test_loss": 8.035998860994974,
  "test_rmse": 1.1538491249084473,
  "test_mae": 0.9019548296928406,
  "test_spearman": 0.5422065142234981
}