{
  "split_seed": 62,
  "run_seed": 4,
  "effective_seed": 62004,
  "variant": "DiagTokenLenHead",
  "n_diag_channels": 15,
  "hidden_dim": 64,
  "num_blocks": 2,
  "dropout": 0.15,
  "lr": 0.001,
  "weight_decay": 0.0002,
  "mse_alpha": 0.1,
  "rank_lambda": 0.0,
  "select_by": "val_rmse",
  "best_epoch": 20,
  "best_score": 0.9892774224281311,
  "val_loss": 6.632654110590617,
  "val_rmse": 0.9892774224281311,
  "val_mae": 0.7783353328704834,
  "val_spearman": 0.39190264985009254,
  "test_loss": 7.238582293192546,
  "test_rmse": 1.0822789669036865,
  "test_mae": 0.831332266330719,
  "test_spearman": 0.35667107013604854
}