{
  "split_seed": 62,
  "run_seed": 2,
  "effective_seed": 62002,
  "variant": "DiagTokenLenHeadRank",
  "n_diag_channels": 15,
  "hidden_dim": 64,
  "num_blocks": 2,
  "dropout": 0.18,
  "lr": 0.001,
  "weight_decay": 0.0003,
  "mse_alpha": 0.05,
  "rank_lambda": 0.02,
  "select_by": "combined",
  "best_epoch": 11,
  "best_score": 1.138113447681982,
  "val_loss": 6.611637910207112,
  "val_rmse": 1.001941442489624,
  "val_mae": 0.775053083896637,
  "val_spearman": 0.3839417718786745,
  "test_loss": 7.3973521788914995,
  "test_rmse": 1.0975371599197388,
  "test_mae": 0.8452813029289246,
  "test_spearman": 0.35737093978556744
}