{
  "split_seed": 62,
  "run_seed": 1,
  "effective_seed": 62001,
  "variant": "DiagTokenLenHeadRank",
  "n_diag_channels": 15,
  "hidden_dim": 64,
  "num_blocks": 2,
  "dropout": 0.18,
  "lr": 0.001,
  "weight_decay": 0.0003,
  "mse_alpha": 0.05,
  "rank_lambda": 0.02,
  "select_by": "combined",
  "best_epoch": 20,
  "best_score": 1.1126535731521263,
  "val_loss": 6.625645796457927,
  "val_rmse": 0.976059079170227,
  "val_mae": 0.7760921716690063,
  "val_spearman": 0.3828569929023494,
  "test_loss": 7.854292790095012,
  "test_rmse": 1.1118663549423218,
  "test_mae": 0.8955320715904236,
  "test_spearman": 0.24362462499751492
}